open,high,low,close,tick_volume,spread,real_volume
1.07680,1.07686,1.07630,1.07650,150,0,50
1.07631,1.07723,1.07610,1.07700,200,0,60
1.07718,1.07790,1.07700,1.07750,180,0,55
1.07712,1.07760,1.07700,1.07730,220,0,70
1.07619,1.07772,1.07600,1.07690,240,0,80
